prediction_date,symbol,stock_name,data_date,close_price,predicted_return_20,rank,model_version,horizon
2026-10-08,2454,聯發科,2026-10-08,4690.0,13.47432648337026,1,V5.7-FORWARD,20
2026-10-08,0052,富邦科技,2026-10-08,67.0,9.364661458269723,2,V5.7-FORWARD,20
2026-10-08,0050,元大台灣50,2026-10-08,114.95,8.330568731835253,3,V5.7-FORWARD,20
2026-10-08,00951,台新日本半導體,2026-10-08,19.54,7.070217616310592,4,V5.7-FORWARD,20
2026-10-08,2330,台積電,2026-10-08,2550.0,7.014134009300685,5,V5.7-FORWARD,20
2026-10-08,00981A,主動統一台股增長,2026-10-08,32.24,6.766866066604347,6,V5.7-FORWARD,20
2026-10-08,2376,技嘉,2026-10-08,363.0,6.723031274360268,7,V5.7-FORWARD,20
2026-10-08,3231,緯創,2026-10-08,188.5,6.710463170399594,8,V5.7-FORWARD,20
2026-10-08,2317,鴻海,2026-10-08,249.0,6.373436278918697,9,V5.7-FORWARD,20
2026-10-08,2382,廣達,2026-10-08,325.5,3.919430895250644,10,V5.7-FORWARD,20
2026-10-08,2357,華碩,2026-10-08,996.0,1.7741137842163797,11,V5.7-FORWARD,20
2026-10-08,3711,日月光投控,2026-10-08,744.0,1.6638609542688119,12,V5.7-FORWARD,20
2026-10-08,2303,聯電,2026-10-08,147.5,0.8516054741218246,13,V5.7-FORWARD,20
