date,top_n,predicted_avg,actual_avg,market_avg,excess_return,cumulative_strategy,cumulative_market,cumulative_excess
2026-04-08,5,16.4268,48.0624,32.5624,15.5,48.0624,32.5624,15.5
2026-04-15,5,19.7652,40.3257,24.641,15.6847,107.7696,65.2271,42.5425
2026-04-22,5,15.1389,26.8576,13.5727,13.2849,163.5715,87.6529,75.9186
2026-04-29,5,18.1831,43.7298,22.6598,21.0701,278.8308,130.1746,148.6562
2026-05-07,5,28.9345,22.625,16.7688,5.8562,364.5413,168.7722,195.7691
2026-05-14,5,15.6278,12.1614,6.8455,5.3159,421.036,187.171,233.8651
2026-05-21,5,22.662,22.5649,16.2293,6.3356,538.6073,233.7768,304.8305
2026-05-28,5,15.0914,12.0584,3.2428,8.8157,615.6131,244.6005,371.0126
2026-06-04,5,24.3325,-6.1932,-0.1003,-6.0929,571.2938,244.2549,327.0389
2026-06-11,5,13.858,10.9668,3.8296,7.1372,644.9132,257.4385,387.4747
2026-06-18,5,9.1122,-11.7311,-10.909,-0.8221,557.5267,218.4455,339.0812
2026-06-26,5,16.4876,5.753,-2.3765,8.1296,595.3542,210.8777,384.4765
2026-07-03,5,17.499,6.6691,-6.1263,12.7954,641.7281,191.8324,449.8957
2026-07-13,5,22.2076,1.9902,0.7239,1.2664,656.4899,193.9449,462.545
2026-07-20,5,32.2096,16.3473,11.1289,5.2184,780.1556,226.6578,553.4979
2026-07-27,5,26.5121,0.4089,1.3983,-0.9894,783.7546,231.2254,552.5292
2026-08-03,5,27.4919,3.7958,4.9127,-1.1169,817.3001,247.4975,569.8026
2026-08-10,5,18.9071,7.0385,6.9053,0.1333,881.8643,271.4933,610.371
2026-08-17,5,20.7449,-1.3943,0.24,-1.6343,868.1742,272.3849,595.7893
2026-08-24,5,6.8203,15.8554,9.203,6.6523,1021.6821,306.6554,715.0266
2026-08-31,5,11.9234,11.7939,6.9559,4.838,1153.9721,334.942,819.0301
