date,rank,symbol,predicted_return_20,actual_return_20,close,model_rank
2026-04-08,1,2454,27.4212,116.4557,1580.0,1
2026-04-08,2,0052,14.9531,22.5772,46.95,2
2026-04-08,3,2330,13.299,18.4615,1950.0,3
2026-04-15,1,2454,22.9049,90.2235,1790.0,1
2026-04-15,2,0052,3.2626,12.749,50.2,2
2026-04-15,3,2330,2.5812,9.1346,2080.0,3
2026-04-22,1,2454,24.6,54.6841,2295.0,1
2026-04-22,2,0052,9.3596,12.2388,50.25,2
2026-04-22,3,2330,7.8464,8.7805,2050.0,3
2026-04-29,1,2454,19.7604,71.2621,2575.0,1
2026-04-29,2,0052,6.3433,11.9698,53.05,2
2026-04-29,3,2330,1.0637,5.2752,2180.0,3
2026-05-07,1,2454,54.7288,29.5322,3420.0,1
2026-05-07,2,2330,4.3141,3.2468,2310.0,2
2026-05-07,3,0052,-11.0659,8.2537,57.55,3
2026-05-14,1,2454,6.622,19.9706,3405.0,1
2026-05-14,2,0052,2.4979,2.7385,56.6,2
2026-05-14,3,2330,-0.9023,-0.8811,2270.0,3
2026-05-21,1,2454,19.4266,23.662,3550.0,1
2026-05-21,2,0052,1.9611,11.3475,56.4,2
2026-05-21,3,2330,-1.8831,8.0717,2230.0,3
2026-05-28,1,2454,20.751,-12.0181,4410.0,1
2026-05-28,2,2330,7.6153,1.9608,2295.0,2
2026-05-28,3,0052,0.8296,2.0202,59.4,3
2026-06-04,1,2330,8.5656,2.5157,2385.0,1
2026-06-04,2,0052,0.2991,2.0064,62.3,2
2026-06-04,3,2454,-14.5689,-5.3047,4430.0,3
2026-06-11,1,2330,14.9083,8.4444,2250.0,1
2026-06-11,2,0052,6.4866,6.7928,58.15,2
2026-06-11,3,2454,1.0569,-6.3647,4085.0,3
2026-06-18,1,2330,6.925,-3.7344,2410.0,1
2026-06-18,2,0052,-0.3868,-8.2803,62.8,2
2026-06-18,3,2454,-15.9423,-23.918,4390.0,3
2026-06-26,1,2330,10.7987,0.4274,2340.0,1
2026-06-26,2,2454,3.9132,-5.1546,3880.0,2
2026-06-26,3,0052,1.0353,-2.1452,60.6,3
2026-07-03,1,2330,7.9779,-3.0675,2445.0,1
2026-07-03,2,0052,5.7932,-6.9237,63.55,2
2026-07-03,3,2454,-20.8967,-6.7938,4195.0,3
2026-07-13,1,0052,25.1105,-1.8519,62.1,1
2026-07-13,2,2330,16.6224,-2.459,2440.0,2
2026-07-13,3,2454,9.1859,3.5294,3825.0,3
2026-07-20,1,2454,71.9211,21.2575,3340.0,1
2026-07-20,2,0052,45.3038,7.2917,57.6,2
2026-07-20,3,2330,14.9708,3.4483,2320.0,3
2026-07-27,1,0052,21.5816,2.1079,59.3,1
2026-07-27,2,2454,20.5311,2.3098,3680.0,2
2026-07-27,3,2330,-2.7692,1.0638,2350.0,3
2026-08-03,1,2330,-0.1637,1.4768,2370.0,1
2026-08-03,2,0052,-0.2588,4.5647,59.15,2
2026-08-03,3,2454,-10.5246,0.3836,3910.0,3
2026-08-10,1,2330,-0.0406,3.3613,2380.0,1
2026-08-10,2,2454,-2.4801,20.202,3960.0,2
2026-08-10,3,0052,-2.6904,4.5939,60.95,3
2026-08-17,1,0052,9.2977,0.1618,61.8,1
2026-08-17,2,2330,7.8141,-0.8333,2400.0,2
2026-08-17,3,2454,6.3513,12.5926,4050.0,3
2026-08-24,1,2454,17.1702,33.0677,3765.0,1
2026-08-24,2,2330,5.0048,4.4211,2375.0,2
2026-08-24,3,0052,3.8874,6.6061,60.55,3
2026-08-31,1,2454,15.7484,25.3503,3925.0,1
2026-08-31,2,2330,6.5363,3.1185,2405.0,2
2026-08-31,3,0052,6.5046,5.8205,61.85,3
