rank,symbol,date,close,predicted_return_20
1,2454,2026-10-08,4690.0,13.47432648337026
2,0052,2026-10-08,67.0,9.364661458269723
3,0050,2026-10-08,114.95,8.330568731835253
4,00951,2026-10-08,19.54,7.070217616310592
5,2330,2026-10-08,2550.0,7.014134009300685
6,00981A,2026-10-08,32.24,6.766866066604347
7,2376,2026-10-08,363.0,6.723031274360268
8,3231,2026-10-08,188.5,6.710463170399594
9,2317,2026-10-08,249.0,6.373436278918697
10,2382,2026-10-08,325.5,3.919430895250644
11,2357,2026-10-08,996.0,1.7741137842163797
12,3711,2026-10-08,744.0,1.6638609542688119
13,2303,2026-10-08,147.5,0.8516054741218246
