date,rank,symbol,close,predicted_return_20,actual_return_20,prediction_error
2026-04-08,1,2303,60.3,23.706970224037928,60.03316749585408,36.32619727181615
2026-04-08,2,2454,1580.0,16.057905082078847,116.45569620253164,100.3977911204528
2026-04-08,3,2330,1950.0,14.307319598426668,18.461538461538463,4.154218863111795
2026-04-08,4,00951,14.33,14.11799726377102,18.98115840893231,4.863161145161287
2026-04-08,5,2376,244.5,13.943680585958178,26.38036809815951,12.436687512201333
2026-04-08,6,2317,201.5,13.606024496102185,25.806451612903224,12.200427116801041
2026-04-08,7,2357,562.0,13.415028726337663,13.701067615658369,0.28603888932070554
2026-04-08,8,00981A,22.2,9.779256283980043,33.243243243243235,23.463986959263195
2026-04-08,9,3231,131.0,7.658254963509098,11.45038167938932,3.792126715880223
2026-04-08,10,0050,79.2,5.746804166142157,23.358585858585855,17.6117816924437
2026-04-08,11,0052,46.95,5.1661506256213485,22.577209797657073,17.411059172035724
2026-04-08,12,3711,383.0,1.4236135684186748,40.99216710182767,39.568553533408995
2026-04-08,13,2382,307.5,-5.859198810691832,11.869918699186988,17.72911750987882
2026-04-15,1,2303,62.1,40.07753995925435,73.91304347826086,33.83550351900651
2026-04-15,2,00951,15.16,19.45687331276119,12.79683377308707,-6.66003953967412
2026-04-15,3,2357,584.0,14.673450477035349,16.267123287671236,1.5936728106358877
2026-04-15,4,2454,1790.0,13.999202852578064,90.22346368715084,76.22426083457277
2026-04-15,5,2382,308.5,10.618858194665975,8.427876823338742,-2.190981371327233
2026-04-15,6,0052,50.2,8.715263722694832,12.749003984063734,4.0337402613689015
2026-04-15,7,0050,84.15,7.8846267481423284,14.14141414141412,6.256787393271793
2026-04-15,8,2317,207.5,6.19452319375008,17.831325301204814,11.636802107454734
2026-04-15,9,3711,446.5,5.730211039900626,22.73236282194848,17.002151782047857
2026-04-15,10,2330,2080.0,5.677800152306704,9.134615384615374,3.4568152323086707
2026-04-15,11,3231,133.0,4.291143402631879,3.759398496240607,-0.5317449063912725
2026-04-15,12,2376,279.0,3.5911344462196015,17.204301075268823,13.613166629049223
2026-04-15,13,00981A,24.3,-2.523472750577025,21.152263374485592,23.675736125062617
2026-04-22,1,2303,78.6,31.081919076422583,47.58269720101782,16.50077812459524
2026-04-22,2,2454,2295.0,13.372377257364661,54.68409586056644,41.311718603201776
2026-04-22,3,0052,50.25,11.73413603729979,12.238805970149258,0.5046699328494677
2026-04-22,4,0050,86.35,9.934286459448526,11.001737116386789,1.0674506569382638
2026-04-22,5,2330,2050.0,9.571747183222572,8.780487804878057,-0.7912593783445152
2026-04-22,6,2357,609.0,8.764477568575039,7.7175697865353055,-1.0469077820397326
2026-04-22,7,2382,335.0,6.676919409778834,-8.059701492537318,-14.736620902316153
2026-04-22,8,00951,15.36,4.88595991463967,5.46875,0.5827900853603296
2026-04-22,9,3231,144.0,4.864294763134643,-2.777777777777779,-7.642072540912421
2026-04-22,10,00981A,26.95,0.45587245011163974,7.087198515769955,6.631326065658315
2026-04-22,11,2376,285.0,-0.5881706303167432,11.05263157894736,11.640802209264102
2026-04-22,12,2317,221.0,-3.1797872799025955,11.990950226244346,15.170737506146942
2026-04-22,13,3711,465.0,-11.19736789957784,9.677419354838701,20.874787254416542
2026-04-29,1,2303,74.5,26.756943125095116,90.60402684563758,63.847083720542464
2026-04-29,2,2454,2575.0,20.332576413711568,71.2621359223301,50.92955950861854
2026-04-29,3,2357,588.0,17.200401187477162,17.68707482993197,0.4866736424548074
2026-04-29,4,3711,488.5,13.468061251216753,28.35209825997953,14.884037008762776
2026-04-29,5,0050,90.75,13.15754323281867,10.743801652892571,-2.4137415799260986
2026-04-29,6,0052,53.05,9.768592555380154,11.969839773798308,2.2012472184181537
2026-04-29,7,2317,225.0,9.426401851672809,16.888888888888886,7.4624870372160785
2026-04-29,8,00981A,27.74,7.8283675739109855,10.742609949531357,2.914242375620371
2026-04-29,9,2330,2180.0,6.798093992345129,5.275229357798161,-1.5228646345469679
2026-04-29,10,2376,272.5,6.343003315147959,23.853211009174302,17.51020769402634
2026-04-29,11,00951,15.45,5.529343138710959,8.54368932038836,3.0143461816774
2026-04-29,12,3231,140.5,5.255526362608209,2.8469750889679624,-2.408551273640246
2026-04-29,13,2382,322.0,1.7054646842857846,-4.192546583850931,-5.898011268136716
2026-05-07,1,2454,3420.0,58.36985885452376,29.532163742690052,-28.837695111833707
2026-05-07,2,2303,96.5,31.193901552274927,29.53367875647668,-1.6602227957982496
2026-05-07,3,2376,309.0,24.538066325540587,21.035598705501624,-3.5024676200389626
2026-05-07,4,2317,253.5,19.502784005786477,15.581854043392497,-3.920929962393982
2026-05-07,5,2382,344.0,11.06773388426055,17.44186046511629,6.374126580855738
2026-05-07,6,3711,540.0,9.823023685176324,9.81481481481481,-0.00820887036151463
2026-05-07,7,3231,146.0,7.765223365965223,20.547945205479444,12.782721839514222
2026-05-07,8,2357,639.0,6.4545828312038225,39.59311424100156,33.138531409797736
2026-05-07,9,2330,2310.0,3.158446883340074,3.2467532467532534,0.08830636341317921
2026-05-07,10,00951,17.05,2.773627915466941,8.797653958944274,6.024026043477333
2026-05-07,11,0052,57.55,0.6531019559403749,8.253692441355343,7.600590485414968
2026-05-07,12,0050,97.7,-1.6154506072601802,8.597748208802457,10.213198816062638
2026-05-07,13,00981A,29.58,-2.7884503654135044,6.0175794455713305,8.806029810984835
2026-05-14,1,2303,108.0,25.90524839614275,15.740740740740744,-10.164507655402005
2026-05-14,2,2454,3405.0,21.248257521326934,19.970631424375917,-1.277626096951015
2026-05-14,3,3231,138.0,12.194113517891369,10.507246376811597,-1.6868671410797718
2026-05-14,4,2382,334.5,10.628276596323794,10.612855007473843,-0.015421588849950929
2026-05-14,5,2376,327.0,8.162885822727246,3.9755351681957096,-4.187350654531537
2026-05-14,6,2317,244.5,7.066695607864079,5.725971370143146,-1.3407242377209334
2026-05-14,7,2357,679.0,6.814789676783619,15.463917525773185,8.649127848989567
2026-05-14,8,00951,17.1,5.149141012523057,0.994152046783614,-4.1549889657394425
2026-05-14,9,0052,56.6,2.426402766886618,2.738515901060068,0.31211313417344977
2026-05-14,10,00981A,29.44,2.280214072299395,0.9171195652173836,-1.3630945070820113
2026-05-14,11,2330,2270.0,1.4172230594074207,-0.8810572687224627,-2.2982803281298834
2026-05-14,12,0050,96.05,1.081499679888954,3.9562727745965587,2.8747730947076047
2026-05-14,13,3711,548.0,-3.8976476152531387,-0.7299270072992692,3.1677206079538696
2026-05-21,1,2382,308.0,40.99960302728121,22.077922077922075,-18.92168094935914
2026-05-21,2,00951,16.2,21.27319397510733,26.296296296296305,5.023102321188977
2026-05-21,3,2454,3550.0,20.072414322162242,23.661971830985905,3.5895575088236624
2026-05-21,4,3231,140.0,16.596774797497122,15.357142857142847,-1.2396319403542744
2026-05-21,5,2303,116.0,14.368081693268325,25.43103448275863,11.062952789490305
2026-05-21,6,0052,56.4,10.167601056301386,11.347517730496449,1.179916674195061
2026-05-21,7,0050,95.85,8.269858853378661,11.945748565466886,3.6758897120882232
2026-05-21,8,2330,2230.0,7.403915626977758,8.071748878923767,0.6678332519460095
2026-05-21,9,3711,510.0,7.111704990592941,20.196078431372545,13.084373440779604
2026-05-21,10,2357,656.0,7.001080265030721,20.27439024390243,13.273309978871708
2026-05-21,11,2317,247.5,2.885213143811529,8.484848484848495,5.599635341036965
2026-05-21,12,2376,316.5,2.862943670960262,8.688783570300163,5.8258398993399005
2026-05-21,13,00981A,28.86,-0.6966744778355316,9.147609147609149,9.84428362544468
2026-05-28,1,2303,142.0,20.350824195927427,15.492957746478876,-4.857866449448553
2026-05-28,2,2382,308.5,18.849092545748373,17.341977309562395,-1.5071152361859768
2026-05-28,3,00951,16.77,14.567167749849727,20.274299344066794,5.707131594217066
2026-05-28,4,2357,692.0,10.904988100391174,1.3005780346820872,-9.604410065709086
2026-05-28,5,3231,144.5,10.784961767796167,5.882352941176472,-4.902608826619695
2026-05-28,6,00981A,30.72,10.671641595270264,-2.63671875,-13.308360345270264
2026-05-28,7,2330,2295.0,9.415227784356068,1.9607843137254832,-7.4544434706305855
2026-05-28,8,2454,4410.0,7.522357594394596,-12.01814058956916,-19.540498183963756
2026-05-28,9,0050,100.5,3.692647449378328,2.5870646766169125,-1.1055827727614154
2026-05-28,10,2317,263.0,2.9726943297449253,-5.513307984790872,-8.486002314535797
2026-05-28,11,3711,627.0,0.35166598947282524,0.797448165869219,0.4457821763963938
2026-05-28,12,0052,59.4,-0.249427278772786,2.020202020202033,2.2696292989748192
2026-05-28,13,2376,337.5,-1.0956275633813901,-5.333333333333334,-4.237705769951944
2026-06-04,1,3231,176.0,38.55365736234833,-9.659090909090907,-48.21274827143924
2026-06-04,2,2382,404.0,36.30138829613037,-6.683168316831678,-42.98455661296205
2026-06-04,3,2357,892.0,19.166184012408984,-24.327354260089685,-43.49353827249867
2026-06-04,4,2454,4430.0,16.644245763593354,-5.304740406320541,-21.948986169913894
2026-06-04,5,3711,593.0,10.997073456581553,15.00843170320405,4.011358246622497
2026-06-04,6,00951,18.55,10.787872420600193,11.159029649595698,0.37115722899550424
2026-06-04,7,2303,125.0,5.976981467597532,36.40000000000001,30.42301853240248
2026-06-04,8,2330,2385.0,5.678401194840102,2.515723270440251,-3.1626779243998517
2026-06-04,9,00981A,31.36,4.97051065056294,2.869897959183665,-2.1006126913792755
2026-06-04,10,2317,293.0,3.0421375795202676,-17.918088737201366,-20.960226316721634
2026-06-04,11,0052,62.3,2.2786369143734344,2.006420545746379,-0.2722163686270554
2026-06-04,12,0050,106.1,-0.790586582045783,2.120640904806792,2.9112274868525754
2026-06-04,13,2376,374.0,-8.44471524220563,-9.491978609625672,-1.0472633674200427
2026-06-11,1,2303,125.0,17.857131321519855,22.799999999999997,4.942868678480145
2026-06-11,2,2454,4085.0,17.28770545062808,-6.364749082007348,-23.652454532635428
2026-06-11,3,3711,544.0,14.703493055711064,23.16176470588236,8.458271650171294
2026-06-11,4,2330,2250.0,11.678042246656299,8.444444444444454,-3.2335978022118446
2026-06-11,5,0052,58.15,7.763691325263011,6.792777300085984,-0.9709140251770276
2026-06-11,6,00981A,29.71,7.319321168225161,-1.2117132278694043,-8.531034396094565
2026-06-11,7,0050,99.85,6.982262555933236,6.159238858287441,-0.8230236976457944
2026-06-11,8,3231,152.5,4.768059009985079,-5.9016393442623,-10.669698354247378
2026-06-11,9,00951,17.27,4.485883337750986,13.781123335263468,9.295239997512482
2026-06-11,10,2382,370.0,4.235397099025249,2.1621621621621623,-2.0732349368630874
2026-06-11,11,2376,340.0,-0.16307942902387054,-1.3235294117647012,-1.1604499827408306
2026-06-11,12,2317,258.5,-3.7011247644222167,-8.510638297872342,-4.809513533450125
2026-06-11,13,2357,784.0,-7.570960985238736,-10.204081632653061,-2.6331206474143247
2026-06-18,1,2357,789.0,10.561608513213875,-12.801013941698347,-23.36262245491222
2026-06-18,2,2330,2410.0,9.551382451248847,-3.734439834024894,-13.28582228527374
2026-06-18,3,0050,107.3,8.911517227482983,-7.548928238583407,-16.460445466066393
2026-06-18,4,2454,4390.0,8.729498660491071,-23.91799544419134,-32.64749410468241
2026-06-18,5,2303,145.5,7.806799246358686,-10.652920962199309,-18.459720208557997
2026-06-18,6,0052,62.8,7.4952337845465955,-8.280254777070063,-15.775488561616658
2026-06-18,7,00981A,31.5,6.649020673210771,-17.777777777777782,-24.426798450988553
2026-06-18,8,3711,613.0,4.634322512203467,-2.610114192495927,-7.244436704699394
2026-06-18,9,2317,268.5,1.3331720886242098,-12.662942271880818,-13.996114360505027
2026-06-18,10,2382,376.0,-0.1383197304181337,-15.957446808510634,-15.8191270780925
2026-06-18,11,3231,161.5,-3.695967916316048,-11.145510835913308,-7.44954291959726
2026-06-18,12,2376,344.0,-6.104930525814797,-3.779069767441856,2.3258607583729405
2026-06-18,13,00951,20.46,-7.977789621826363,-10.948191593352895,-2.9704019715265333
2026-06-26,1,2454,3880.0,25.8632442983738,-5.154639175257736,-31.017883473631535
2026-06-26,2,2330,2340.0,15.59194978101606,0.42735042735042583,-15.164599353665634
2026-06-26,3,3231,153.0,15.524666758375613,15.686274509803933,0.1616077514283193
2026-06-26,4,2357,701.0,13.520977168353044,8.416547788873041,-5.104429379480003
2026-06-26,5,2376,319.5,11.937186767816076,9.38967136150235,-2.5475154063137273
2026-06-26,6,2317,248.5,11.084781248605205,1.810865191146882,-9.273916057458322
2026-06-26,7,0050,103.1,9.852282458831748,-1.600387972841888,-11.452670431673637
2026-06-26,8,0052,60.6,9.707953332389478,-2.1452145214521545,-11.853167853841631
2026-06-26,9,00981A,29.91,9.553562383231883,-7.957204948177865,-17.51076733140975
2026-06-26,10,3711,632.0,9.458377055078516,-3.797468354430378,-13.255845409508893
2026-06-26,11,00951,20.17,4.207745848364491,-11.750123946455137,-15.95786979481963
2026-06-26,12,2382,362.0,-2.5379812175628644,-11.049723756906083,-8.511742539343217
2026-06-26,13,2303,164.0,-8.537468852832966,-23.17073170731707,-14.633262854484109
2026-07-03,1,2317,240.5,31.20232754576216,5.197505197505192,-26.00482234825697
2026-07-03,2,2376,338.5,20.15742576258152,-4.1358936484490405,-24.293319411030563
2026-07-03,3,2357,675.0,16.100957856761188,18.37037037037037,2.2694125136091814
2026-07-03,4,3231,159.0,13.759796897046398,16.981132075471695,3.221335178425297
2026-07-03,5,2330,2445.0,6.2746030136664315,-3.0674846625766916,-9.342087676243123
2026-07-03,6,2382,377.0,3.1412049004258833,-21.352785145888596,-24.493990046314483
2026-07-03,7,00981A,32.26,2.9834269687329584,-15.964042157470548,-18.947469126203504
2026-07-03,8,0052,63.55,0.3001109398291581,-6.923682140047205,-7.223793079876363
2026-07-03,9,0050,108.35,-1.9662653325226704,-5.8606368251038266,-3.894371492581156
2026-07-03,10,2454,4195.0,-3.7749571985933166,-6.793802145411199,-3.018844946817882
2026-07-03,11,00951,20.62,-6.067394340435564,-14.742967992240551,-8.675573651804989
2026-07-03,12,3711,682.0,-17.12171378179006,-10.557184750733139,6.564529031056921
2026-07-03,13,2303,170.5,-17.94219366375802,-30.79178885630498,-12.849595192546962
2026-07-13,1,2357,704.0,55.577128343716076,16.193181818181813,-39.38394652553426
2026-07-13,2,00981A,29.35,18.91453648649528,-2.793867120954008,-21.708403607449288
2026-07-13,3,2376,335.5,14.056407997419825,4.172876304023854,-9.883531693395971
2026-07-13,4,3711,670.0,12.088806119041449,-5.970149253731338,-18.05895537277279
2026-07-13,5,0050,106.0,10.400927678622168,-1.650943396226412,-12.051871074848581
2026-07-13,6,3231,143.5,9.699859794051664,34.49477351916377,24.794913725112107
2026-07-13,7,0052,62.1,9.059239715695359,-1.851851851851849,-10.911091567547208
2026-07-13,8,2454,3825.0,8.86663796816579,3.529411764705892,-5.337226203459898
2026-07-13,9,2382,378.0,8.857981426036861,-17.06349206349206,-25.921473489528925
2026-07-13,10,2330,2440.0,7.483683911218384,-2.4590163934426257,-9.94270030466101
2026-07-13,11,2317,236.5,5.153545922396301,11.839323467230445,6.685777544834143
2026-07-13,12,00951,19.65,0.021427731158657676,-9.160305343511432,-9.18173307467009
2026-07-13,13,2303,153.5,-13.57382543653178,-19.869706840390876,-6.295881403859097
2026-07-20,1,3231,143.5,39.077735899101846,30.313588850174213,-8.764147048927635
2026-07-20,2,2382,316.0,35.3759142612383,5.537974683544311,-29.83793957769399
2026-07-20,3,0052,57.6,30.595729654771052,7.291666666666652,-23.304062988104402
2026-07-20,4,00981A,25.9,30.26847879430748,17.33590733590735,-12.932571458400128
2026-07-20,5,2454,3340.0,25.730030634044848,21.257485029940113,-4.472545604104733
2026-07-20,6,2357,688.0,22.497595751156517,36.337209302325576,13.839613551169064
2026-07-20,7,0050,99.2,18.282503352004102,7.308467741935476,-10.974035610068627
2026-07-20,8,2317,234.5,9.466148907203193,8.742004264392333,-0.7241446428108589
2026-07-20,9,2376,331.0,9.320792417817149,8.157099697885206,-1.1636927199319427
2026-07-20,10,2303,130.0,6.289835269369869,-6.538461538461537,-12.828296807831407
2026-07-20,11,3711,597.0,5.417615109932542,3.015075376884413,-2.4025397330481293
2026-07-20,12,2330,2320.0,2.6839250151691996,3.4482758620689724,0.7643508468997726
2026-07-20,13,00951,18.22,-5.375252919739879,2.469813391877085,7.845066311616963
2026-07-27,1,3231,177.0,34.941817123514234,-0.8474576271186418,-35.78927475063288
2026-07-27,2,2382,322.0,29.005944405434086,0.9316770186335477,-28.07426738680054
2026-07-27,3,2454,3680.0,27.343677462426218,2.309782608695654,-25.033894853730565
2026-07-27,4,00981A,27.53,25.338108338019783,3.41445695604794,-21.923651381971844
2026-07-27,5,00951,17.8,15.930987556504968,-3.764044943820233,-19.6950325003252
2026-07-27,6,2303,126.0,15.071288046645392,-1.9841269841269882,-17.05541503077238
2026-07-27,7,2357,760.0,14.500217655315376,21.447368421052637,6.947150765737262
2026-07-27,8,2376,349.5,11.834248506909198,-2.4320457796852657,-14.266294286594464
2026-07-27,9,0052,59.3,8.018499684740354,2.1079258010118007,-5.910573883728552
2026-07-27,10,3711,608.0,6.331739925376488,-2.631578947368418,-8.963318872744907
2026-07-27,11,2330,2350.0,5.710596030172293,1.0638297872340496,-4.646766242938243
2026-07-27,12,0050,101.45,2.752928701144626,2.3164120256283782,-0.4365166755162481
2026-07-27,13,2317,253.0,0.30561497644191665,-3.754940711462451,-4.060555687904368
2026-08-03,1,0050,102.0,28.77922920510342,4.166666666666674,-24.612562538436745
2026-08-03,2,2454,3910.0,28.46728629568112,0.38363171355497716,-28.083654582126144
2026-08-03,3,3231,186.0,27.52595864833433,-4.3010752688172005,-31.82703391715153
2026-08-03,4,0052,59.15,26.492266896127585,4.564666103127646,-21.92760079299994
2026-08-03,5,2382,296.5,26.19491110543392,14.165261382799322,-12.0296497226346
2026-08-03,6,2330,2370.0,23.640260940596512,1.4767932489451407,-22.163467691651373
2026-08-03,7,2317,253.0,17.924458241232948,-1.1857707509881465,-19.110228992221096
2026-08-03,8,00951,17.58,17.745627217394112,-4.2662116040955596,-22.011838821489675
2026-08-03,9,00981A,27.11,13.512242710068318,8.447067502766515,-5.065175207301803
2026-08-03,10,2357,799.0,13.209527354129175,25.03128911138923,11.821761757260058
2026-08-03,11,2303,118.0,13.066951124913126,9.322033898305083,-3.744917226608044
2026-08-03,12,2376,324.5,11.228821231992452,10.323574730354391,-0.9052465016380615
2026-08-03,13,3711,610.0,5.635349486428024,-4.262295081967215,-9.89764456839524
2026-08-10,1,3231,193.0,34.12333642629291,2.0725388601036343,-32.050797566189274
2026-08-10,2,2382,313.5,20.862161854357907,10.845295055821369,-10.016866798536538
2026-08-10,3,2357,818.0,14.53546244234119,22.127139364303172,7.591676921961982
2026-08-10,4,2330,2380.0,12.611742488192073,3.3613445378151363,-9.250397950376938
2026-08-10,5,2317,264.5,12.40277749845598,-3.2136105860113395,-15.616388084467319
2026-08-10,6,0050,104.25,9.64827862410238,5.419664268585134,-4.228614355517246
2026-08-10,7,2303,123.0,7.1096202462278875,16.260162601626014,9.150542355398128
2026-08-10,8,2376,349.5,6.357433494058968,4.29184549356223,-2.065588000496739
2026-08-10,9,3711,630.0,4.792255146699965,-1.4285714285714235,-6.2208265752713885
2026-08-10,10,0052,60.95,4.608203374227241,4.593929450369161,-0.014273923858080378
2026-08-10,11,2454,3960.0,2.842525257948844,20.2020202020202,17.359494944071354
2026-08-10,12,00951,17.85,2.1703204369765525,-0.3361344537815225,-2.506454890758075
2026-08-10,13,00981A,28.53,1.170690733715137,5.573080967402744,4.402390233687607
2026-08-17,1,2357,938.0,30.28959530483283,-0.4264392324093813,-30.71603453724221
2026-08-17,2,2382,333.5,20.602850035180616,-0.2998500749625155,-20.902700110143133
2026-08-17,3,2317,255.0,20.29391528212878,-2.5490196078431393,-22.842934889971918
2026-08-17,4,3711,615.0,16.691321743849066,-0.4878048780487809,-17.179126621897847
2026-08-17,5,3231,187.0,15.846598757813664,-3.208556149732622,-19.05515490754629
2026-08-17,6,0052,61.8,9.199675968516567,0.16181229773462036,-9.037863670781947
2026-08-17,7,2330,2400.0,7.339799684836576,-0.8333333333333304,-8.173133018169906
2026-08-17,8,2303,121.5,6.08910944279267,17.28395061728396,11.194841174491291
2026-08-17,9,0050,106.45,4.158389584557242,0.42273367778300486,-3.735655906774237
2026-08-17,10,2454,4050.0,3.9772933138401854,12.592592592592599,8.615299278752413
2026-08-17,11,2376,358.0,2.8638159224440662,-3.9106145251396662,-6.774430447583732
2026-08-17,12,00951,18.67,2.6112950612417225,-12.104981253347624,-14.716276314589347
2026-08-17,13,00981A,30.39,0.1798063606144153,-3.520895031260285,-3.7007013918747003
2026-08-24,1,2317,243.5,7.894442270543266,2.6694045174537884,-5.225037753089477
2026-08-24,2,2303,123.5,7.8663980914940925,27.125506072874494,19.259107981380403
2026-08-24,3,3711,592.0,7.321572455907713,11.993243243243246,4.6716707873355325
2026-08-24,4,2454,3765.0,5.906601256302651,33.067729083665334,27.16112782736268
2026-08-24,5,2330,2375.0,5.112684311120232,4.421052631578948,-0.6916316795412838
2026-08-24,6,00981A,28.47,3.8078606748118506,3.863716192483313,0.055855517671462435
2026-08-24,7,0052,60.55,3.400721894451681,6.606110652353436,3.2053887579017553
2026-08-24,8,0050,103.8,3.26971661502162,7.273603082851632,4.003886467830012
2026-08-24,9,00951,17.13,1.6851878980003028,-0.058377116170449384,-1.7435650141707522
2026-08-24,10,2382,325.0,1.2582004745951383,6.000000000000005,4.741799525404867
2026-08-24,11,3231,175.5,1.1573841575129409,6.267806267806275,5.110422110293334
2026-08-24,12,2376,341.0,-0.6245286396847269,7.917888563049846,8.542417202734573
2026-08-24,13,2357,923.0,-3.376649259974513,2.4918743228602436,5.868523582834757
2026-08-31,1,3711,584.0,21.163870750161077,20.37671232876712,-0.7871584213939548
2026-08-31,2,00951,16.83,12.69208247329921,7.5460487225193384,-5.146033750779871
2026-08-31,3,2303,129.0,10.470120092481888,19.767441860465105,9.297321767983219
2026-08-31,4,0050,106.25,7.907716159379631,5.45882352941176,-2.4488926299678706
2026-08-31,5,0052,61.85,7.383327008234492,5.820533548908657,-1.5627934593258341
2026-08-31,6,2376,358.0,7.345128176077992,0.13966480446927498,-7.205463371608717
2026-08-31,7,2382,338.5,6.896312592179096,-1.477104874446089,-8.373417466625185
2026-08-31,8,3231,178.0,6.3319315448019085,3.6516853932584192,-2.6802461515434888
2026-08-31,9,00981A,29.4,4.107707745608019,3.8775510204081653,-0.23015672519985375
2026-08-31,10,2454,3925.0,2.1223173851798407,25.350318471337573,23.228001086157736
2026-08-31,11,2317,250.0,-0.08228095165168074,0.6000000000000005,0.6822809516516812
2026-08-31,12,2357,999.0,-0.2875073952242845,-3.803803803803807,-3.5162964085795223
2026-08-31,13,2330,2405.0,-2.9605153662130936,3.1185031185031242,6.079018484716218
